{"loss": [2.616562843322754, 1.3327256441116333, 0.887165367603302, 0.642325222492218, 0.4756881892681122, 0.3804604709148407, 0.28748175501823425, 0.2411152422428131, 0.19544701278209686, 0.1770181953907013], "accuracy": [0.2671864330768585, 0.598964273929596, 0.7227976322174072, 0.7975757122039795, 0.8481106162071228, 0.8786137104034424, 0.9079216718673706, 0.9208968877792358, 0.935920774936676, 0.9422945380210876], "val_loss": [1.3810198307037354, 0.8944848775863647, 0.6081157922744751, 0.3664129674434662, 0.2614361345767975, 0.17911234498023987, 0.22304362058639526, 0.1730593591928482, 0.09738995134830475, 0.05536893010139465], "val_accuracy": [0.5838834643363953, 0.7239357829093933, 0.8071363568305969, 0.880946934223175, 0.9173116087913513, 0.943261981010437, 0.9265308380126953, 0.945026159286499, 0.9697814583778381, 0.9848622679710388]}