{"loss": [2.6497840881347656, 1.3261082172393799, 0.8658693432807922, 0.6334440112113953, 0.4729057252407074, 0.37643831968307495, 0.28727900981903076, 0.23960070312023163, 0.20458874106407166, 0.16861781477928162], "accuracy": [0.25682905316352844, 0.6025494933128357, 0.7287161350250244, 0.7997382283210754, 0.8500455021858215, 0.8754268288612366, 0.9052469730377197, 0.9211245179176331, 0.9321079254150391, 0.9446278214454651], "val_loss": [1.929474949836731, 0.8243516087532043, 0.6315358877182007, 0.34678301215171814, 0.25506672263145447, 0.23656073212623596, 0.14514881372451782, 0.13706569373607635, 0.08834399282932281, 0.09119942039251328], "val_accuracy": [0.43614840507507324, 0.745959460735321, 0.7988845705986023, 0.8869223594665527, 0.9186774492263794, 0.9247666597366333, 0.9540746808052063, 0.9557819366455078, 0.9725130796432495, 0.9721716642379761]}